<?xml version="1.0" standalone="no" ?>
<!--
Single SCO with advanced runtime calls. SCORM 2004 3rd Edition.

Provided by Rustici Software - http://www.scorm.com

This example demonstrates the use of more advanced runtime calls in a multi-page SCO. It
includes a demonstration of reporting interactions (question results), progress
towards specific learning objective and overall progress towards completion. 
It also demonstrates using the manifest to specify a passing score rather than 
hard coding the passing score within the content.
-->

<!-- The above is what this USED to do, untill I got my hands on it. -Pinwheel Pirate Captain & LMS Engineer, MattyK -->

<manifest identifier="godot_scorm" version="3"
          xmlns="http://www.imsglobal.org/xsd/imscp_v1p1"
          xmlns:xsi="http://www.w3.org/2001/XMLSchema-instance"
          xmlns:adlcp="http://www.adlnet.org/xsd/adlcp_v1p3"
          xmlns:adlseq="http://www.adlnet.org/xsd/adlseq_v1p3"
          xmlns:adlnav="http://www.adlnet.org/xsd/adlnav_v1p3"
          xmlns:imsss="http://www.imsglobal.org/xsd/imsss"
          xsi:schemaLocation="http://www.imsglobal.org/xsd/imscp_v1p1 imscp_v1p1.xsd
                              http://www.adlnet.org/xsd/adlcp_v1p3 adlcp_v1p3.xsd
                              http://www.adlnet.org/xsd/adlseq_v1p3 adlseq_v1p3.xsd
                              http://www.adlnet.org/xsd/adlnav_v1p3 adlnav_v1p3.xsd
                              http://www.imsglobal.org/xsd/imsss imsss_v1p0.xsd">

    <metadata>
        <schema>ADL SCORM</schema>
        <schemaversion>2004 4th Edition</schemaversion>
    </metadata>
    <organizations default="godot_scorm_test">
        <organization identifier="godot_scorm_test" adlseq:objectivesGlobalToSystem="false">
            <title>Godot SCORM Example</title>
            <item identifier="item_1" identifierref="resource_1">
                <title>Godot SCORM Example</title>
            </item>
        </organization>
    </organizations>
    <resources>
        <resource identifier="resource_1" type="webcontent" adlcp:scormType="sco" href="shared/GodotSCORMExample.html">
            <file href="shared/contentfunctions.js"/>
            <file href="shared/GodotSCORMExample.html"/>
            <file href="shared/favicon.png"/>
            <file href="shared/GodotSCORMExample.js"/>
            <file href="shared/GodotSCORMExample.pck"/>
            <file href="shared/GodotSCORMExample.png"/>
            <file href="shared/GodotSCORMExample.wasm"/>
            <file href="shared/scormfunctions.js"/>
            <file href="shared/style.css"/>
        </resource>
    </resources>
</manifest>
